[{
  "_id": {
    "$oid": "5f6bb465933d010004ef1b13"
  },
  "answers": [
    "Hyper Text Markup Language",
    "Hyperlinks and Text Markup Language",
    "Home Tool Markup Language"
  ],
  "text": "What does HTML stand for?",
  "correctAnswer": 0,
  "__v": 0
},{
  "_id": {
    "$oid": "5f6bb58597518f0bc82e4231"
  },
  "answers": [
    "Mozilla",
    "Microsoft",
    "Google",
    "The World Wide Web Consortium"
  ],
  "text": "Who is making the Web standards?",
  "correctAnswer": 3,
  "__v": 0
},{
  "_id": {
    "$oid": "5f6bb67997518f0bc82e4233"
  },
  "answers": [
    "<head>",
    "<heading>",
    "<h1>",
    "<h6>"
  ],
  "text": "Choose the correct HTML element for the largest heading:",
  "correctAnswer": 2,
  "__v": 0
},{
  "_id": {
    "$oid": "5f6bb6aa97518f0bc82e4234"
  },
  "answers": [
    "<lb>",
    "<break>",
    "<br>"
  ],
  "text": "What is the correct HTML element for inserting a line break?",
  "correctAnswer": 2,
  "__v": 0
},{
  "_id": {
    "$oid": "5f6bb73997518f0bc82e4238"
  },
  "answers": [
    " <body style=\"background-color:yellow;\">",
    "<background>yellow</background>",
    "<body bg=\"yellow\">"
  ],
  "text": "What is the correct HTML for adding a background color?",
  "correctAnswer": 0,
  "__v": 0
},{
  "_id": {
    "$oid": "5f6bb79b97518f0bc82e4239"
  },
  "answers": [
    "<strong>",
    "<i>",
    "<important>",
    "<b>"
  ],
  "text": "Choose the correct HTML element to define important text",
  "correctAnswer": 0,
  "__v": 0
},{
  "_id": {
    "$oid": "5f6bb7cb97518f0bc82e423a"
  },
  "answers": [
    "<italic>",
    "<i>",
    "<em>"
  ],
  "text": "Choose the correct HTML element to define emphasized text",
  "correctAnswer": 0,
  "__v": 0
},{
  "_id": {
    "$oid": "5f6bb894d9a1ce2cf0717212"
  },
  "answers": [
    "<a url=\"http://www.w3schools.com\">W3Schools.com</a>",
    "<a name=\"http://www.w3schools.com\">W3Schools.com</a>",
    "<a>http://www.w3schools.com</a>",
    "<a href=\"http://www.w3schools.com\">W3Schools</a>"
  ],
  "text": "What is the correct HTML for creating a hyperlink?",
  "correctAnswer": 3,
  "__v": 0
},{
  "_id": {
    "$oid": "5f6bb8cbd8d2fe3bf4028283"
  },
  "answers": [
    "/",
    "*",
    "^",
    "<"
  ],
  "text": "Which character is used to indicate an end tag?",
  "correctAnswer": 0,
  "__v": 0
},{
  "_id": {
    "$oid": "5f6bb90f309505421cde9ea5"
  },
  "answers": [
    "<a href=\"url\" target=\"_blank\">",
    "<a href=\"url\" target=\"new\">",
    "<a href=\"url\" new>"
  ],
  "text": "How can you open a link in a new tab/browser window?",
  "correctAnswer": 0,
  "__v": 0
},{
  "_id": {
    "$oid": "5f6bb94ac5837e328c736cf5"
  },
  "answers": [
    " <table><tr><td>",
    " <table><tr><tt>",
    " <thead><body><tr>",
    " <table><head><tfoot>"
  ],
  "text": "Which of these elements are all <table> elements?",
  "correctAnswer": 0,
  "__v": 0
},{
  "_id": {
    "$oid": "5f6bb98acc65b72a7c5b1ea7"
  },
  "answers": [
    " True",
    " False"
  ],
  "text": "Inline elements are normally displayed without starting a new line.",
  "correctAnswer": 0,
  "__v": 0
},{
  "_id": {
    "$oid": "5f6bb9b3381b613e202fc797"
  },
  "answers": [
    "<dl>",
    "<ol>",
    "<ul>",
    "<list>"
  ],
  "text": "How can you make a numbered list?",
  "correctAnswer": 1,
  "__v": 0
},{
  "_id": {
    "$oid": "5f6bb9db08aa20381c380708"
  },
  "answers": [
    "<ol>",
    "<list>",
    "<dl>",
    "<ul>"
  ],
  "text": "How can you make a bulleted list?",
  "correctAnswer": 3,
  "__v": 0
},{
  "_id": {
    "$oid": "5f6bba1a44470627f8773da6"
  },
  "answers": [
    "<check>",
    "<checkbox>",
    "<input type=\"checkbox\">",
    "<input type=\"check\">"
  ],
  "text": "What is the correct HTML for making a checkbox?",
  "correctAnswer": 2,
  "__v": 0
}]